filename,predicts,truth
004ce323481cefce0b81cce82cb5549a_0000_0000,60.227928161621094,58.09
004ce323481cefce0b81cce82cb5549a_0000_0001,55.56132507324219,58.09
004ce323481cefce0b81cce82cb5549a_0000_0002,57.83578872680664,58.09
013caa29262abe6719290d448723edca_0000_0000,54.47712326049805,50.26
013caa29262abe6719290d448723edca_0000_0001,52.498023986816406,50.26
013caa29262abe6719290d448723edca_0000_0002,59.12722396850586,50.26
013caa29262abe6719290d448723edca_0000_0003,54.307003021240234,50.26
013caa29262abe6719290d448723edca_0000_0004,54.52290344238281,50.26
013caa29262abe6719290d448723edca_0000_0005,53.12403869628906,50.26
06bcc2658363c00afc7c6a304f9a4ba6_0000_0000,49.70997619628906,50.76
06bcc2658363c00afc7c6a304f9a4ba6_0000_0001,55.906612396240234,50.76
06bcc2658363c00afc7c6a304f9a4ba6_0000_0002,49.47394561767578,50.76
0944a2f71a35d3217790c78f98a1f4ad_0000_0000,61.91618347167969,62.6
0944a2f71a35d3217790c78f98a1f4ad_0000_0001,63.25419616699219,62.6
09a9f22fd4e21ddc3b62290cd19ad656_0000_0000,59.3082160949707,53.46
09a9f22fd4e21ddc3b62290cd19ad656_0000_0001,56.22674560546875,53.46
09a9f22fd4e21ddc3b62290cd19ad656_0000_0002,60.38969421386719,53.46
09a9f22fd4e21ddc3b62290cd19ad656_0000_0003,59.08287811279297,53.46
09f40f469e41d53ae93d4f56357e3be5_0000_0000,57.4057502746582,54.99
09f40f469e41d53ae93d4f56357e3be5_0000_0001,57.245662689208984,54.99
0b42bcdefcfc16c8124eabf273523289_0000_0000,58.538475036621094,60.21
0b42bcdefcfc16c8124eabf273523289_0000_0001,61.76769256591797,60.21
0cb969490349c98e33779a4b7fc80e89_0000_0000,59.32574462890625,47.52
0cb969490349c98e33779a4b7fc80e89_0000_0001,49.288700103759766,47.52
0cb969490349c98e33779a4b7fc80e89_0000_0002,61.50434494018555,47.52
0ddd11302b7df71b1cabbc9b02b6a029_0000_0000,44.33405303955078,30.86
0ddd11302b7df71b1cabbc9b02b6a029_0000_0001,48.53359603881836,30.86
0ddd11302b7df71b1cabbc9b02b6a029_0000_0002,40.71112823486328,30.86
0ddd11302b7df71b1cabbc9b02b6a029_0000_0003,39.48640441894531,30.86
0ddd11302b7df71b1cabbc9b02b6a029_0000_0004,48.521968841552734,30.86
100e635271abe41669754f16366dabe7_0000_0000,38.193058013916016,33.67
100e635271abe41669754f16366dabe7_0000_0001,37.02485656738281,33.67
100e635271abe41669754f16366dabe7_0000_0002,39.90494155883789,33.67
100e635271abe41669754f16366dabe7_0000_0003,36.278255462646484,33.67
1301b904a80d0200ed832dcbb3f420cd_0000_0000,35.58222961425781,23.26
1301b904a80d0200ed832dcbb3f420cd_0000_0001,37.5130615234375,23.26
1301b904a80d0200ed832dcbb3f420cd_0000_0002,31.95471954345703,23.26
1301b904a80d0200ed832dcbb3f420cd_0000_0003,34.363685607910156,23.26
1301b904a80d0200ed832dcbb3f420cd_0000_0004,37.21379089355469,23.26
157a5593dea73671786fd86f72206d49_0000_0000,58.37940979003906,64.84
157a5593dea73671786fd86f72206d49_0000_0001,55.340431213378906,64.84
1610c77c49517860b3c76f2b37ebc220_0000_0000,59.90359878540039,57.41
1610c77c49517860b3c76f2b37ebc220_0000_0001,57.691490173339844,57.41
1d3d530dd95038625bf443ad62ae322a_0000_0000,62.056785583496094,63.98
1d3d530dd95038625bf443ad62ae322a_0000_0001,59.47340393066406,63.98
1d3d530dd95038625bf443ad62ae322a_0000_0002,60.0928955078125,63.98
1d3d530dd95038625bf443ad62ae322a_0000_0003,60.891475677490234,63.98
1d3d530dd95038625bf443ad62ae322a_0000_0004,59.296470642089844,63.98
1dbcc0f6b5308d30e4963919ce789698_0000_0000,61.4095458984375,55.77
1f4cec6ffb9a851d2afc83c3095fea4d_0000_0000,56.446292877197266,55.93
1f67b4894c9d5f3e5867d2f2f53e801e_0000_0000,56.773983001708984,59.18
1f67b4894c9d5f3e5867d2f2f53e801e_0000_0001,57.33877944946289,59.18
1f67b4894c9d5f3e5867d2f2f53e801e_0000_0002,57.56471633911133,59.18
1f67b4894c9d5f3e5867d2f2f53e801e_0000_0003,55.879215240478516,59.18
1f67b4894c9d5f3e5867d2f2f53e801e_0000_0004,58.7093620300293,59.18
207018757afe302c3f0d14e93503db77_0000_0000,54.013362884521484,50.42
207018757afe302c3f0d14e93503db77_0000_0001,55.30684280395508,50.42
207018757afe302c3f0d14e93503db77_0000_0002,53.65629196166992,50.42
207018757afe302c3f0d14e93503db77_0000_0003,53.67450714111328,50.42
207018757afe302c3f0d14e93503db77_0000_0004,53.64796447753906,50.42
22ad0afa129e6a7f36b1bfa944da4612_0000_0000,56.69234848022461,56.71
22ad0afa129e6a7f36b1bfa944da4612_0000_0001,56.07192611694336,56.71
22ad0afa129e6a7f36b1bfa944da4612_0000_0002,54.436073303222656,56.71
22ad0afa129e6a7f36b1bfa944da4612_0000_0003,56.55604553222656,56.71
22ad0afa129e6a7f36b1bfa944da4612_0000_0004,52.197837829589844,56.71
22ad0afa129e6a7f36b1bfa944da4612_0000_0005,55.66279983520508,56.71
24a92e37878a9bfacf8771ae8b011ff5_0000_0000,56.45381164550781,56.99
24a92e37878a9bfacf8771ae8b011ff5_0000_0001,57.24946975708008,56.99
24a92e37878a9bfacf8771ae8b011ff5_0000_0002,58.03866195678711,56.99
24d87179c599ceae8d788d56f6aaa728_0000_0000,55.47773742675781,57.21
24d87179c599ceae8d788d56f6aaa728_0000_0001,57.601783752441406,57.21
24d87179c599ceae8d788d56f6aaa728_0000_0002,61.91045379638672,57.21
24d87179c599ceae8d788d56f6aaa728_0000_0003,63.80186462402344,57.21
24fbfd48f6bfed5311d4eb656e7d0535_0000_0000,54.001014709472656,65.73
24fbfd48f6bfed5311d4eb656e7d0535_0000_0001,52.38331985473633,65.73
24fbfd48f6bfed5311d4eb656e7d0535_0000_0002,59.382015228271484,65.73
24fbfd48f6bfed5311d4eb656e7d0535_0000_0003,54.645790100097656,65.73
24fbfd48f6bfed5311d4eb656e7d0535_0000_0004,56.9081916809082,65.73
24fbfd48f6bfed5311d4eb656e7d0535_0000_0005,58.77745056152344,65.73
282c077ed1a925d39a3fc54e4f9c62f3_0000_0000,59.37321472167969,59.51
282c077ed1a925d39a3fc54e4f9c62f3_0000_0001,61.440040588378906,59.51
282c077ed1a925d39a3fc54e4f9c62f3_0000_0002,60.18505859375,59.51
282c077ed1a925d39a3fc54e4f9c62f3_0000_0003,59.3773193359375,59.51
282c077ed1a925d39a3fc54e4f9c62f3_0000_0004,58.044456481933594,59.51
28bd75b7d231ba40f852f121ed741927_0000_0000,51.52524948120117,54.32
28bd75b7d231ba40f852f121ed741927_0000_0001,55.85981369018555,54.32
28bd75b7d231ba40f852f121ed741927_0000_0002,56.90971374511719,54.32
2a47ce8c3e7e6ab04f7c9c0152709fe5_0000_0000,60.820648193359375,63.65
2b95952b97d53dd697d055ada9619ff4_0000_0000,52.19050979614258,46.61
2b95952b97d53dd697d055ada9619ff4_0000_0001,51.798988342285156,46.61
2b95952b97d53dd697d055ada9619ff4_0000_0002,49.20778274536133,46.61
2b95952b97d53dd697d055ada9619ff4_0000_0003,52.58631134033203,46.61
2b95952b97d53dd697d055ada9619ff4_0000_0004,49.9143180847168,46.61
2b95952b97d53dd697d055ada9619ff4_0000_0005,47.32937240600586,46.61
2c392ad54f508c09aa10282ea4fb3115_0000_0000,58.12834930419922,54.45
2c392ad54f508c09aa10282ea4fb3115_0000_0001,55.46300506591797,54.45
2c392ad54f508c09aa10282ea4fb3115_0000_0002,56.59261703491211,54.45
2d19e5e20a3680104016bbc42dca68d7_0000_0000,53.164459228515625,58.72
2d19e5e20a3680104016bbc42dca68d7_0000_0001,53.36465835571289,58.72
2d19e5e20a3680104016bbc42dca68d7_0000_0002,51.984004974365234,58.72
2d487315a60e08e8a4e2f8beb8fd2cd9_0000_0000,46.51885986328125,48.81
2d487315a60e08e8a4e2f8beb8fd2cd9_0000_0001,41.210548400878906,48.81
2d487315a60e08e8a4e2f8beb8fd2cd9_0000_0002,43.186893463134766,48.81
2d487315a60e08e8a4e2f8beb8fd2cd9_0000_0003,39.679359436035156,48.81
2d487315a60e08e8a4e2f8beb8fd2cd9_0000_0004,38.97520065307617,48.81
2fdab2f6b011ee63c69aecea6570bb3d_0000_0000,53.38117599487305,43.71
2fdab2f6b011ee63c69aecea6570bb3d_0000_0001,47.85993576049805,43.71
2fdab2f6b011ee63c69aecea6570bb3d_0000_0002,52.53640365600586,43.71
31456840bb10578034724218d4cfbb12_0000_0000,63.77020263671875,71.47
31456840bb10578034724218d4cfbb12_0000_0001,63.79039001464844,71.47
31456840bb10578034724218d4cfbb12_0000_0002,59.289085388183594,71.47
3344acd6c0d414f03189123133f497ea_0000_0000,62.09563064575195,59.28
3344acd6c0d414f03189123133f497ea_0000_0001,57.35148620605469,59.28
3445ebc6efe89a6a956c11a02cfce3a4_0000_0000,58.51068115234375,55.53
353a12e4d431c7d9f8310dd008637ee2_0000_0000,53.48994064331055,47.29
353a12e4d431c7d9f8310dd008637ee2_0000_0001,49.99510955810547,47.29
353a12e4d431c7d9f8310dd008637ee2_0000_0002,55.04262161254883,47.29
353a12e4d431c7d9f8310dd008637ee2_0000_0003,49.88681411743164,47.29
353a12e4d431c7d9f8310dd008637ee2_0000_0004,49.86869812011719,47.29
353a12e4d431c7d9f8310dd008637ee2_0000_0005,48.572513580322266,47.29
37a252731fe763e6303e086493e6f7ff_0000_0000,58.63985824584961,55.66
37a252731fe763e6303e086493e6f7ff_0000_0001,58.18966293334961,55.66
37a252731fe763e6303e086493e6f7ff_0000_0002,60.58732223510742,55.66
37a252731fe763e6303e086493e6f7ff_0000_0003,60.33791732788086,55.66
37a252731fe763e6303e086493e6f7ff_0000_0004,57.41168975830078,55.66
3a41bf23a14b4ee1fe2e0820aa995989_0000_0000,56.450439453125,60.07
3a41bf23a14b4ee1fe2e0820aa995989_0000_0001,59.90171813964844,60.07
3a41bf23a14b4ee1fe2e0820aa995989_0000_0002,60.60956954956055,60.07
3a41bf23a14b4ee1fe2e0820aa995989_0000_0003,61.60042953491211,60.07
3a41bf23a14b4ee1fe2e0820aa995989_0000_0004,57.75275802612305,60.07
3a41bf23a14b4ee1fe2e0820aa995989_0000_0005,58.934715270996094,60.07
3b9ea8e8063cee738b2b159a9f3ee75d_0000_0000,50.1929931640625,51.49
3b9ea8e8063cee738b2b159a9f3ee75d_0000_0001,48.12065887451172,51.49
3b9ea8e8063cee738b2b159a9f3ee75d_0000_0002,47.889835357666016,51.49
3b9ea8e8063cee738b2b159a9f3ee75d_0000_0003,49.721839904785156,51.49
3b9ea8e8063cee738b2b159a9f3ee75d_0000_0004,48.64360809326172,51.49
3bac4ecfebc8774c8e8e7785bc9dbc3f_0000_0000,37.141075134277344,32.74
3bac4ecfebc8774c8e8e7785bc9dbc3f_0000_0001,36.10413360595703,32.74
3bac4ecfebc8774c8e8e7785bc9dbc3f_0000_0002,36.69045639038086,32.74
3bac4ecfebc8774c8e8e7785bc9dbc3f_0000_0003,39.988929748535156,32.74
3d863aa810c031b50e0e9db1c79eb42b_0000_0000,51.792057037353516,50.51
3d863aa810c031b50e0e9db1c79eb42b_0000_0001,47.418643951416016,50.51
3d863aa810c031b50e0e9db1c79eb42b_0000_0002,51.822662353515625,50.51
3e689dc01051d8823786afc1ebf1d062_0000_0000,56.217674255371094,56.53
3e6cc72e1acfcc48309279dca63037ff_0000_0000,56.585693359375,59.64
3e6cc72e1acfcc48309279dca63037ff_0000_0001,59.668033599853516,59.64
3e6cc72e1acfcc48309279dca63037ff_0000_0002,60.449832916259766,59.64
3f3fbd14bd36040027daef418ab6916f_0000_0000,58.39094543457031,62.07
3f3fbd14bd36040027daef418ab6916f_0000_0001,61.792118072509766,62.07
3f3fbd14bd36040027daef418ab6916f_0000_0002,61.282257080078125,62.07
3f3fbd14bd36040027daef418ab6916f_0000_0003,64.47610473632812,62.07
3fedb726f15f3b6ce9cff4471e560fe2_0000_0000,59.427947998046875,63.39
3fedb726f15f3b6ce9cff4471e560fe2_0000_0001,58.393707275390625,63.39
3fedb726f15f3b6ce9cff4471e560fe2_0000_0002,60.096763610839844,63.39
3fedb726f15f3b6ce9cff4471e560fe2_0000_0003,60.970252990722656,63.39
3fedb726f15f3b6ce9cff4471e560fe2_0000_0004,61.50139236450195,63.39
3fedb726f15f3b6ce9cff4471e560fe2_0000_0005,59.29180908203125,63.39
3fedb726f15f3b6ce9cff4471e560fe2_0000_0006,59.807132720947266,63.39
4143277824d7b9cb05e2d3396a6a8f39_0000_0000,54.6027717590332,57.52
4143277824d7b9cb05e2d3396a6a8f39_0000_0001,52.56129455566406,57.52
4143277824d7b9cb05e2d3396a6a8f39_0000_0002,51.769371032714844,57.52
4143277824d7b9cb05e2d3396a6a8f39_0000_0003,53.024070739746094,57.52
4143277824d7b9cb05e2d3396a6a8f39_0000_0004,54.30998229980469,57.52
4143277824d7b9cb05e2d3396a6a8f39_0000_0005,50.4811897277832,57.52
4143277824d7b9cb05e2d3396a6a8f39_0001_0000,55.040470123291016,54.97
4143277824d7b9cb05e2d3396a6a8f39_0002_0000,53.7889289855957,55.05
43208ecd9c1587ad0f0a00b58dc7a3df_0000_0000,56.11682891845703,48.93
43208ecd9c1587ad0f0a00b58dc7a3df_0000_0001,58.2891845703125,48.93
43208ecd9c1587ad0f0a00b58dc7a3df_0000_0002,56.44579315185547,48.93
454fc9a3a9f04861d91c5ee438d0b75b_0000_0000,60.76060104370117,53.99
454fc9a3a9f04861d91c5ee438d0b75b_0000_0001,58.4513053894043,53.99
454fc9a3a9f04861d91c5ee438d0b75b_0000_0002,57.60017395019531,53.99
454fc9a3a9f04861d91c5ee438d0b75b_0000_0003,59.96533966064453,53.99
476e3a7ae7ef7a349f855f09584e07d9_0000_0000,52.81847381591797,43.88
476e3a7ae7ef7a349f855f09584e07d9_0000_0001,53.51108169555664,43.88
476e3a7ae7ef7a349f855f09584e07d9_0000_0002,54.56882858276367,43.88
4b676b3454ac2fd8447862e4a4299624_0000_0000,58.87848663330078,66.88
4b676b3454ac2fd8447862e4a4299624_0000_0001,55.558197021484375,66.88
4b676b3454ac2fd8447862e4a4299624_0000_0002,56.453914642333984,66.88
4b6f996a7090dc843632e6c469a4814e_0000_0000,54.38811111450195,60.61
4dbc38bedf1f281fd4ac83a9171e994f_0000_0000,39.192623138427734,41.03
4dbc38bedf1f281fd4ac83a9171e994f_0000_0001,38.935245513916016,41.03
4dbc38bedf1f281fd4ac83a9171e994f_0000_0002,52.60395050048828,41.03
4df08f4d8a41e517b3dea5a3612aed5f_0000_0000,38.70188903808594,35.48
4df08f4d8a41e517b3dea5a3612aed5f_0000_0001,38.12864303588867,35.48
4df08f4d8a41e517b3dea5a3612aed5f_0000_0002,38.30852127075195,35.48
4df08f4d8a41e517b3dea5a3612aed5f_0000_0003,33.182743072509766,35.48
4df08f4d8a41e517b3dea5a3612aed5f_0000_0004,33.90306854248047,35.48
4df08f4d8a41e517b3dea5a3612aed5f_0000_0005,39.78544616699219,35.48
4e22b2475e059e304e54b8148862de08_0000_0000,53.298343658447266,53.69
4e22b2475e059e304e54b8148862de08_0000_0001,53.90564727783203,53.69
4ed09ce66c011ee0426b103c2843df0e_0000_0000,53.5570068359375,51.86
4ed09ce66c011ee0426b103c2843df0e_0000_0001,56.17150115966797,51.86
4ed09ce66c011ee0426b103c2843df0e_0000_0002,59.64556884765625,51.86
4ed09ce66c011ee0426b103c2843df0e_0000_0003,52.569339752197266,51.86
4ed09ce66c011ee0426b103c2843df0e_0000_0004,53.16204071044922,51.86
4ed09ce66c011ee0426b103c2843df0e_0000_0005,54.01801300048828,51.86
4ed09ce66c011ee0426b103c2843df0e_0000_0006,55.397117614746094,51.86
4f964b02842c453b70318722ab09d5d0_0000_0000,65.98426818847656,57.27
4f964b02842c453b70318722ab09d5d0_0000_0001,60.53694534301758,57.27
4f964b02842c453b70318722ab09d5d0_0000_0002,61.659942626953125,57.27
4f964b02842c453b70318722ab09d5d0_0000_0003,60.690494537353516,57.27
54fe5131bf34438a37e45da1a3c92096_0000_0000,62.805477142333984,64.42
54fe5131bf34438a37e45da1a3c92096_0000_0001,63.93941116333008,64.42
54fe5131bf34438a37e45da1a3c92096_0000_0002,60.19591522216797,64.42
54fe5131bf34438a37e45da1a3c92096_0000_0003,59.15421676635742,64.42
556980cee6ee67f9945834298d50dbf9_0000_0000,50.386104583740234,42.62
556980cee6ee67f9945834298d50dbf9_0000_0001,50.213253021240234,42.62
562a6346c8ce643a861ddf8c26c09bb9_0000_0000,59.052921295166016,63.04
562a6346c8ce643a861ddf8c26c09bb9_0000_0001,56.475120544433594,63.04
562a6346c8ce643a861ddf8c26c09bb9_0000_0002,57.027854919433594,63.04
562a6346c8ce643a861ddf8c26c09bb9_0000_0003,56.35247039794922,63.04
562a6346c8ce643a861ddf8c26c09bb9_0000_0004,55.47645950317383,63.04
564a95d836028de41d452ba10fe0d518_0000_0000,51.65361404418945,60.55
564a95d836028de41d452ba10fe0d518_0000_0001,54.65190887451172,60.55
564a95d836028de41d452ba10fe0d518_0000_0002,52.588741302490234,60.55
5707b3cdcc8b0e8b2f536fbd95b98538_0000_0000,60.245880126953125,63.19
5707b3cdcc8b0e8b2f536fbd95b98538_0000_0001,58.12479019165039,63.19
5707b3cdcc8b0e8b2f536fbd95b98538_0000_0002,57.99430465698242,63.19
5707b3cdcc8b0e8b2f536fbd95b98538_0000_0003,60.76362609863281,63.19
57d82878ec59537fe8f623dac981e4d8_0000_0000,49.886497497558594,54.84
57d82878ec59537fe8f623dac981e4d8_0000_0001,53.666378021240234,54.84
57d82878ec59537fe8f623dac981e4d8_0000_0002,56.19258117675781,54.84
57d82878ec59537fe8f623dac981e4d8_0000_0003,56.0740966796875,54.84
57d82878ec59537fe8f623dac981e4d8_0000_0004,55.207611083984375,54.84
5a820c0c835b282830c08427ba54538d_0000_0000,64.74006652832031,52.88
5a820c0c835b282830c08427ba54538d_0000_0001,63.89989471435547,52.88
5a820c0c835b282830c08427ba54538d_0000_0002,62.312095642089844,52.88
5a820c0c835b282830c08427ba54538d_0000_0003,64.20246887207031,52.88
5a820c0c835b282830c08427ba54538d_0000_0004,62.44758224487305,52.88
5a820c0c835b282830c08427ba54538d_0000_0005,60.97446060180664,52.88
5d54173e734a3c0cb70c5f942a37d0ac_0000_0000,54.37220764160156,57.74
5d54173e734a3c0cb70c5f942a37d0ac_0000_0001,56.7287712097168,57.74
5d54173e734a3c0cb70c5f942a37d0ac_0000_0002,59.88744354248047,57.74
5d54173e734a3c0cb70c5f942a37d0ac_0000_0003,60.120384216308594,57.74
5d54173e734a3c0cb70c5f942a37d0ac_0000_0004,59.3710823059082,57.74
5f31ca29f4eec0f61b04bc9c701f4d71_0000_0000,64.46955108642578,63.8
5f31ca29f4eec0f61b04bc9c701f4d71_0000_0001,63.15082550048828,63.8
5f31ca29f4eec0f61b04bc9c701f4d71_0000_0002,64.3605728149414,63.8
5f31ca29f4eec0f61b04bc9c701f4d71_0000_0003,61.461578369140625,63.8
5f31ca29f4eec0f61b04bc9c701f4d71_0000_0004,63.54035568237305,63.8
5fae442e892489b088a1fe35db061b1f_0000_0000,54.32615280151367,53.76
5fd8b9162774c82c4e4fe4fd7dab1331_0000_0000,54.568115234375,57.76
5fd8b9162774c82c4e4fe4fd7dab1331_0000_0001,56.920387268066406,57.76
5fd8b9162774c82c4e4fe4fd7dab1331_0000_0002,53.90423583984375,57.76
5fd8b9162774c82c4e4fe4fd7dab1331_0000_0003,58.161014556884766,57.76
5fd8b9162774c82c4e4fe4fd7dab1331_0001_0000,45.0860710144043,46.81
5fd8b9162774c82c4e4fe4fd7dab1331_0002_0000,51.41470718383789,49.02
646014f226fb8d55ccafe92630fbb184_0000_0000,62.550865173339844,56.72
646014f226fb8d55ccafe92630fbb184_0000_0001,58.74102783203125,56.72
646014f226fb8d55ccafe92630fbb184_0000_0002,59.566383361816406,56.72
646014f226fb8d55ccafe92630fbb184_0000_0003,59.60040283203125,56.72
646014f226fb8d55ccafe92630fbb184_0000_0004,61.8992919921875,56.72
67f7e5b1244a7764372c65302def53fa_0000_0000,52.82514953613281,50.71
67f7e5b1244a7764372c65302def53fa_0000_0001,56.752220153808594,50.71
67f7e5b1244a7764372c65302def53fa_0000_0002,50.729496002197266,50.71
67f7e5b1244a7764372c65302def53fa_0000_0003,52.221702575683594,50.71
67f7e5b1244a7764372c65302def53fa_0000_0004,54.52306365966797,50.71
67f7e5b1244a7764372c65302def53fa_0001_0000,47.946250915527344,47.91
67f7e5b1244a7764372c65302def53fa_0002_0000,53.7135124206543,58.91
6896a9f46f3624cb58f9c3380c0dbaac_0000_0000,58.36307144165039,59.76
6896a9f46f3624cb58f9c3380c0dbaac_0000_0001,61.38618469238281,59.76
6896a9f46f3624cb58f9c3380c0dbaac_0000_0002,51.454002380371094,59.76
6896a9f46f3624cb58f9c3380c0dbaac_0000_0003,53.30826187133789,59.76
6a711de569a610e8dd55b4d644166cde_0000_0000,62.92543029785156,65.52
6a711de569a610e8dd55b4d644166cde_0000_0001,64.2868423461914,65.52
6a711de569a610e8dd55b4d644166cde_0000_0002,66.77946472167969,65.52
6a711de569a610e8dd55b4d644166cde_0000_0003,62.795631408691406,65.52
6a79ee0d69dc2295f93460e5158d86c5_0000_0000,54.53829574584961,61.52
6a79ee0d69dc2295f93460e5158d86c5_0000_0001,54.57129669189453,61.52
6abc29ca38d4dff9d15bfe18e67d3c49_0000_0000,60.13248825073242,54.68
6abc29ca38d4dff9d15bfe18e67d3c49_0000_0001,54.328102111816406,54.68
6abc29ca38d4dff9d15bfe18e67d3c49_0000_0002,59.87053680419922,54.68
6b6a4a2f1771dd005b389499f382b6d5_0000_0000,59.62625503540039,68.15
6b6a4a2f1771dd005b389499f382b6d5_0000_0001,61.025299072265625,68.15
6c29e563477d7bb6153337288a7f14a0_0000_0000,47.383399963378906,53.0
6c29e563477d7bb6153337288a7f14a0_0000_0001,45.16509246826172,53.0
6c29e563477d7bb6153337288a7f14a0_0000_0002,48.698455810546875,53.0
6c9988a0f1b17b86ab16306527eed9f3_0000_0000,61.81355285644531,57.13
6c9988a0f1b17b86ab16306527eed9f3_0000_0001,59.314022064208984,57.13
6c9988a0f1b17b86ab16306527eed9f3_0000_0002,60.925453186035156,57.13
6c9988a0f1b17b86ab16306527eed9f3_0000_0003,62.17473602294922,57.13
6cb2cc4c5e0a95a536db17ce975d8b72_0000_0000,56.154903411865234,51.2
6cb2cc4c5e0a95a536db17ce975d8b72_0000_0001,54.95431900024414,51.2
6cb2cc4c5e0a95a536db17ce975d8b72_0000_0002,55.82535171508789,51.2
6cb2cc4c5e0a95a536db17ce975d8b72_0000_0003,58.77485275268555,51.2
6dae61a02bfcfd7caddaac532a234637_0000_0000,56.67842483520508,53.55
6dae61a02bfcfd7caddaac532a234637_0000_0001,57.97932052612305,53.55
6dae61a02bfcfd7caddaac532a234637_0000_0002,57.64034652709961,53.55
6ebb523b1cb9960f3c5ef325ad7df87b_0000_0000,35.408233642578125,29.64
6ebb523b1cb9960f3c5ef325ad7df87b_0000_0001,40.08499526977539,29.64
6ebb523b1cb9960f3c5ef325ad7df87b_0000_0002,34.612361907958984,29.64
6ebb523b1cb9960f3c5ef325ad7df87b_0000_0003,45.219459533691406,29.64
717a3c3d91ad56b48da8f16cdeb9c9be_0000_0000,62.37446975708008,56.37
717a3c3d91ad56b48da8f16cdeb9c9be_0000_0001,60.0352897644043,56.37
717a3c3d91ad56b48da8f16cdeb9c9be_0000_0002,58.73565673828125,56.37
72242d5b8ce4d02e287d61919eb03754_0000_0000,57.02778625488281,45.66
72242d5b8ce4d02e287d61919eb03754_0000_0001,56.22666931152344,45.66
72242d5b8ce4d02e287d61919eb03754_0000_0002,54.21163558959961,45.66
72242d5b8ce4d02e287d61919eb03754_0000_0003,57.50359344482422,45.66
72242d5b8ce4d02e287d61919eb03754_0000_0004,56.05270767211914,45.66
73a968124c29da79c751f5995e6275ce_0000_0000,64.2554702758789,65.81
73a968124c29da79c751f5995e6275ce_0000_0001,62.78366470336914,65.81
73a968124c29da79c751f5995e6275ce_0000_0002,63.543304443359375,65.81
73a968124c29da79c751f5995e6275ce_0000_0003,62.55907440185547,65.81
73a968124c29da79c751f5995e6275ce_0000_0004,63.748008728027344,65.81
73a968124c29da79c751f5995e6275ce_0000_0005,62.91386413574219,65.81
73ec726f90b2aa2658c7d62bd17e0949_0000_0000,49.92224884033203,54.14
73ec726f90b2aa2658c7d62bd17e0949_0000_0001,49.09992980957031,54.14
73ec726f90b2aa2658c7d62bd17e0949_0000_0002,48.96147918701172,54.14
73ec726f90b2aa2658c7d62bd17e0949_0000_0003,50.430206298828125,54.14
7668e207dfa811e47fc32034de38a8d9_0000_0000,63.26522445678711,62.23
7668e207dfa811e47fc32034de38a8d9_0000_0001,59.77320098876953,62.23
7668e207dfa811e47fc32034de38a8d9_0000_0002,61.98303985595703,62.23
76a40c6c31980546aaa70676f7c5ccf6_0000_0000,53.4828987121582,52.49
76a40c6c31980546aaa70676f7c5ccf6_0000_0001,54.32235336303711,52.49
76a40c6c31980546aaa70676f7c5ccf6_0000_0002,54.493263244628906,52.49
76a40c6c31980546aaa70676f7c5ccf6_0001_0000,52.903038024902344,56.77
785ca11b2dd25314743a6bc0cfcb5620_0000_0000,57.326786041259766,55.19
785ca11b2dd25314743a6bc0cfcb5620_0000_0001,61.334354400634766,55.19
7c06b939518f73e14ce644f860eeb060_0000_0000,51.449684143066406,59.93
7c06b939518f73e14ce644f860eeb060_0000_0001,52.76157760620117,59.93
7c06b939518f73e14ce644f860eeb060_0000_0002,50.93708419799805,59.93
7c140b34845ab4c8091cee4a6fc309f1_0000_0000,53.889862060546875,59.89
7c140b34845ab4c8091cee4a6fc309f1_0000_0001,58.279205322265625,59.89
7c140b34845ab4c8091cee4a6fc309f1_0000_0002,52.5770378112793,59.89
80556e5fc5450df67cba8e5c010d692e_0000_0000,53.64563751220703,55.06
80556e5fc5450df67cba8e5c010d692e_0000_0001,53.62783432006836,55.06
80556e5fc5450df67cba8e5c010d692e_0000_0002,53.65190505981445,55.06
80556e5fc5450df67cba8e5c010d692e_0000_0003,52.9490852355957,55.06
8178ff57c0d2f622baafa0ac3efc5a45_0000_0000,59.86542510986328,61.08
8178ff57c0d2f622baafa0ac3efc5a45_0000_0001,61.66685485839844,61.08
8178ff57c0d2f622baafa0ac3efc5a45_0000_0002,60.053890228271484,61.08
8178ff57c0d2f622baafa0ac3efc5a45_0000_0003,55.069923400878906,61.08
8178ff57c0d2f622baafa0ac3efc5a45_0000_0004,60.418701171875,61.08
87b23b5ee7961550f0abdd62fa23cec3_0000_0000,59.40904235839844,51.54
87b23b5ee7961550f0abdd62fa23cec3_0000_0001,57.71456527709961,51.54
87b23b5ee7961550f0abdd62fa23cec3_0000_0002,61.0916748046875,51.54
87b23b5ee7961550f0abdd62fa23cec3_0000_0003,60.07643508911133,51.54
87b23b5ee7961550f0abdd62fa23cec3_0000_0004,57.71757125854492,51.54
87b23b5ee7961550f0abdd62fa23cec3_0000_0005,56.64909362792969,51.54
87b23b5ee7961550f0abdd62fa23cec3_0000_0006,56.07145690917969,51.54
88391fdca5e96c4d4980fd3fe11f9459_0000_0000,55.66523742675781,59.43
88391fdca5e96c4d4980fd3fe11f9459_0000_0001,58.66093063354492,59.43
88391fdca5e96c4d4980fd3fe11f9459_0000_0002,56.19624328613281,59.43
88391fdca5e96c4d4980fd3fe11f9459_0000_0003,57.294883728027344,59.43
88391fdca5e96c4d4980fd3fe11f9459_0000_0004,60.590667724609375,59.43
891aeeeb2c9bcd01e049133f17f22f0b_0000_0000,40.58621597290039,44.62
891aeeeb2c9bcd01e049133f17f22f0b_0000_0001,42.2122802734375,44.62
891aeeeb2c9bcd01e049133f17f22f0b_0000_0002,46.395137786865234,44.62
8f906f8231ef666659df2b65683df2c6_0000_0000,51.7280158996582,46.4
8f906f8231ef666659df2b65683df2c6_0000_0001,51.85123825073242,46.4
8f906f8231ef666659df2b65683df2c6_0000_0002,53.18145751953125,46.4
8f906f8231ef666659df2b65683df2c6_0000_0003,49.454166412353516,46.4
8f906f8231ef666659df2b65683df2c6_0000_0004,50.38846969604492,46.4
8f906f8231ef666659df2b65683df2c6_0000_0005,49.24529266357422,46.4
8f906f8231ef666659df2b65683df2c6_0000_0006,50.781620025634766,46.4
95912229ae565158a1be6d9eaf6adc5d_0000_0000,64.575927734375,62.81
95912229ae565158a1be6d9eaf6adc5d_0000_0001,61.62627410888672,62.81
95912229ae565158a1be6d9eaf6adc5d_0000_0002,64.00022888183594,62.81
95a450237d1c59df5bdb51d3550fb749_0000_0000,55.01619338989258,54.77
95a450237d1c59df5bdb51d3550fb749_0000_0001,55.111480712890625,54.77
95a450237d1c59df5bdb51d3550fb749_0000_0002,54.58257293701172,54.77
95a450237d1c59df5bdb51d3550fb749_0000_0003,50.66449737548828,54.77
95a450237d1c59df5bdb51d3550fb749_0000_0004,54.98095703125,54.77
96de4a7170cd9722b3acf755d29fe5a2_0000_0000,54.831329345703125,52.11
96de4a7170cd9722b3acf755d29fe5a2_0000_0001,61.01577377319336,52.11
96de4a7170cd9722b3acf755d29fe5a2_0000_0002,54.890785217285156,52.11
96de4a7170cd9722b3acf755d29fe5a2_0000_0003,56.67352294921875,52.11
9904a5a111678f3e20bf6f8e0b7822e9_0000_0000,62.09762191772461,66.12
9904a5a111678f3e20bf6f8e0b7822e9_0000_0001,62.901268005371094,66.12
9904a5a111678f3e20bf6f8e0b7822e9_0000_0002,63.135162353515625,66.12
9904a5a111678f3e20bf6f8e0b7822e9_0000_0003,63.347042083740234,66.12
9904a5a111678f3e20bf6f8e0b7822e9_0000_0004,63.87120819091797,66.12
9a718f8f2374a499da1ff4b96d35611b_0000_0000,59.72948455810547,59.36
9a718f8f2374a499da1ff4b96d35611b_0000_0001,58.84626007080078,59.36
9fb8174365ad716bd3a7c40a54e81aa4_0000_0000,60.09059143066406,57.96
9fb8174365ad716bd3a7c40a54e81aa4_0000_0001,56.104759216308594,57.96
9fb8174365ad716bd3a7c40a54e81aa4_0000_0002,56.77058792114258,57.96
9fb8174365ad716bd3a7c40a54e81aa4_0000_0003,59.40325927734375,57.96
a2850f79da5c5bb4a5d5a18b3b9c1f12_0000_0000,59.272796630859375,60.82
a2850f79da5c5bb4a5d5a18b3b9c1f12_0000_0001,59.707366943359375,60.82
a2850f79da5c5bb4a5d5a18b3b9c1f12_0000_0002,60.900840759277344,60.82
a2850f79da5c5bb4a5d5a18b3b9c1f12_0000_0003,61.442718505859375,60.82
a2850f79da5c5bb4a5d5a18b3b9c1f12_0000_0004,61.26306915283203,60.82
a2cc4ab7b77349dd4eab4ff52d0940aa_0000_0000,57.06486892700195,57.9
a2cc4ab7b77349dd4eab4ff52d0940aa_0000_0001,61.148963928222656,57.9
a81cc569b7669ffae4f2b029abfeee5d_0000_0000,46.846195220947266,45.11
a81cc569b7669ffae4f2b029abfeee5d_0000_0001,42.34916687011719,45.11
a81cc569b7669ffae4f2b029abfeee5d_0000_0002,42.55937957763672,45.11
a81cc569b7669ffae4f2b029abfeee5d_0000_0003,43.81463623046875,45.11
a82743dd51f83530ec727934c755d77b_0000_0000,51.624786376953125,41.97
a82743dd51f83530ec727934c755d77b_0000_0001,50.012176513671875,41.97
a991b544286fa19b09c78450010b4e4c_0000_0000,32.68441390991211,38.03
a991b544286fa19b09c78450010b4e4c_0000_0001,33.72186279296875,38.03
a991b544286fa19b09c78450010b4e4c_0000_0002,35.396522521972656,38.03
a9f89075fa7021b204cbb2082c887bbb_0000_0000,53.913002014160156,56.15
a9f89075fa7021b204cbb2082c887bbb_0000_0001,51.62261199951172,56.15
a9f89075fa7021b204cbb2082c887bbb_0000_0002,55.855613708496094,56.15
a9f89075fa7021b204cbb2082c887bbb_0000_0003,54.53813934326172,56.15
a9f89075fa7021b204cbb2082c887bbb_0000_0004,56.22869873046875,56.15
a9f89075fa7021b204cbb2082c887bbb_0001_0000,51.38593673706055,50.89
a9f89075fa7021b204cbb2082c887bbb_0002_0000,49.55833435058594,54.8
ab41e0ab313b525077fe7b673dfeaf06_0000_0000,56.012638092041016,43.41
ab41e0ab313b525077fe7b673dfeaf06_0000_0001,55.728939056396484,43.41
ab41e0ab313b525077fe7b673dfeaf06_0000_0002,54.479957580566406,43.41
af4b2ea56cdddf6bf3ec44a0aa6f27cf_0000_0000,57.341331481933594,62.97
af4b2ea56cdddf6bf3ec44a0aa6f27cf_0000_0001,57.512088775634766,62.97
af4b2ea56cdddf6bf3ec44a0aa6f27cf_0000_0002,61.44860076904297,62.97
af4b2ea56cdddf6bf3ec44a0aa6f27cf_0000_0003,59.34964370727539,62.97
af4b2ea56cdddf6bf3ec44a0aa6f27cf_0000_0004,62.036231994628906,62.97
af4b2ea56cdddf6bf3ec44a0aa6f27cf_0000_0005,58.327232360839844,62.97
afba16f52121495b3369108071a50c89_0000_0000,58.092376708984375,56.82
afba16f52121495b3369108071a50c89_0000_0001,59.724639892578125,56.82
afba16f52121495b3369108071a50c89_0000_0002,59.745235443115234,56.82
b266bd7fce354e71b1ee28b68c4816d0_0000_0000,60.4820671081543,55.29
b266bd7fce354e71b1ee28b68c4816d0_0000_0001,60.28042984008789,55.29
b266bd7fce354e71b1ee28b68c4816d0_0000_0002,59.569095611572266,55.29
b266bd7fce354e71b1ee28b68c4816d0_0000_0003,57.53691482543945,55.29
b2e9d36e01848f2e15d6f76350b28721_0000_0000,45.626434326171875,52.38
b2e9d36e01848f2e15d6f76350b28721_0000_0001,51.7076416015625,52.38
b2e9d36e01848f2e15d6f76350b28721_0000_0002,53.50186538696289,52.38
b2e9d36e01848f2e15d6f76350b28721_0000_0003,54.74552536010742,52.38
b40f63e32be94204f6eb8df28b22175a_0000_0000,60.904483795166016,69.39
b40f63e32be94204f6eb8df28b22175a_0000_0001,55.959022521972656,69.39
b40f63e32be94204f6eb8df28b22175a_0000_0002,59.881797790527344,69.39
b40f63e32be94204f6eb8df28b22175a_0000_0003,57.0148811340332,69.39
b40f63e32be94204f6eb8df28b22175a_0000_0004,59.31536865234375,69.39
b40f63e32be94204f6eb8df28b22175a_0000_0005,58.648101806640625,69.39
b4662fc95fc8436fd9b91ea98df8a97d_0000_0000,59.59417724609375,67.67
b4662fc95fc8436fd9b91ea98df8a97d_0000_0001,56.77338409423828,67.67
b4662fc95fc8436fd9b91ea98df8a97d_0000_0002,58.56222915649414,67.67
b4662fc95fc8436fd9b91ea98df8a97d_0000_0003,54.354957580566406,67.67
b4662fc95fc8436fd9b91ea98df8a97d_0000_0004,57.720298767089844,67.67
ba8995986a95a0b341fd2f6f86664ae7_0000_0000,33.4707145690918,36.65
ba8995986a95a0b341fd2f6f86664ae7_0000_0001,35.862361907958984,36.65
ba8995986a95a0b341fd2f6f86664ae7_0000_0002,35.83586120605469,36.65
ba8995986a95a0b341fd2f6f86664ae7_0000_0003,29.140270233154297,36.65
ba8995986a95a0b341fd2f6f86664ae7_0000_0004,30.69715690612793,36.65
bbba3cd101a4b6b5db7c6c4e12b4c307_0000_0000,54.80894470214844,49.09
bbba3cd101a4b6b5db7c6c4e12b4c307_0000_0001,52.33949661254883,49.09
bbba3cd101a4b6b5db7c6c4e12b4c307_0000_0002,52.702022552490234,49.09
bbba3cd101a4b6b5db7c6c4e12b4c307_0000_0003,51.480812072753906,49.09
bbba3cd101a4b6b5db7c6c4e12b4c307_0000_0004,53.5355110168457,49.09
bc360b0db1ceb03c859c49e69647b134_0000_0000,53.38960647583008,59.01
bc360b0db1ceb03c859c49e69647b134_0000_0001,54.59465789794922,59.01
bc360b0db1ceb03c859c49e69647b134_0000_0002,56.41487503051758,59.01
bc360b0db1ceb03c859c49e69647b134_0000_0003,54.24407196044922,59.01
bdbaa0744d7ba0984025e54b1c60f922_0000_0000,61.022193908691406,58.28
bdbaa0744d7ba0984025e54b1c60f922_0000_0001,60.604644775390625,58.28
be7e392b39b299299359d9e132e468d0_0000_0000,55.537967681884766,64.06
be7e392b39b299299359d9e132e468d0_0000_0001,58.075035095214844,64.06
be7e392b39b299299359d9e132e468d0_0000_0002,58.942527770996094,64.06
be7e392b39b299299359d9e132e468d0_0000_0003,57.01490783691406,64.06
be7e392b39b299299359d9e132e468d0_0000_0004,55.099632263183594,64.06
be7e392b39b299299359d9e132e468d0_0000_0005,58.771976470947266,64.06
bed28303991bdab9fb6304d96aa4374d_0000_0000,62.77594757080078,61.7
bed28303991bdab9fb6304d96aa4374d_0000_0001,63.147254943847656,61.7
bed28303991bdab9fb6304d96aa4374d_0000_0002,60.45372772216797,61.7
bed28303991bdab9fb6304d96aa4374d_0000_0003,58.709014892578125,61.7
bed28303991bdab9fb6304d96aa4374d_0000_0004,62.23274230957031,61.7
c0328573d1a8cea673a1761bbac108ad_0000_0000,51.230308532714844,44.23
c0328573d1a8cea673a1761bbac108ad_0000_0001,45.77016067504883,44.23
c0ed1a4d581fb7cc7473dc3f88d1a5a3_0000_0000,53.42613983154297,56.08
c0ed1a4d581fb7cc7473dc3f88d1a5a3_0000_0001,54.15494155883789,56.08
c0ed1a4d581fb7cc7473dc3f88d1a5a3_0000_0002,56.0905647277832,56.08
c10a9ee328ddfcb990a1f613708572bf_0000_0000,51.298648834228516,50.02
c10a9ee328ddfcb990a1f613708572bf_0000_0001,51.88614273071289,50.02
c10a9ee328ddfcb990a1f613708572bf_0000_0002,50.2568359375,50.02
c10a9ee328ddfcb990a1f613708572bf_0000_0003,53.63241195678711,50.02
c2eb5a16a17e363b18f973f52a118d24_0000_0000,34.04264450073242,27.54
c2eb5a16a17e363b18f973f52a118d24_0000_0001,29.305858612060547,27.54
c2eb5a16a17e363b18f973f52a118d24_0000_0002,29.634830474853516,27.54
c2eb5a16a17e363b18f973f52a118d24_0000_0003,33.28297805786133,27.54
c2eb5a16a17e363b18f973f52a118d24_0000_0004,30.271657943725586,27.54
c4db0d9a12340cae48cc42cab628ec41_0000_0000,55.607574462890625,51.01
c4db0d9a12340cae48cc42cab628ec41_0000_0001,59.30113983154297,51.01
c4db0d9a12340cae48cc42cab628ec41_0000_0002,57.452537536621094,51.01
c4db0d9a12340cae48cc42cab628ec41_0000_0003,59.018959045410156,51.01
c50b826e17e5501c2c35bc6c6a10b49a_0000_0000,51.29099655151367,53.25
c50b826e17e5501c2c35bc6c6a10b49a_0000_0001,53.83983612060547,53.25
c50b826e17e5501c2c35bc6c6a10b49a_0000_0002,54.04136657714844,53.25
c50b826e17e5501c2c35bc6c6a10b49a_0000_0003,53.27458953857422,53.25
c91c8a02d2d5f03eb35a1167e6b0c785_0000_0000,53.00674057006836,56.28
c91c8a02d2d5f03eb35a1167e6b0c785_0000_0001,53.44264602661133,56.28
c91c8a02d2d5f03eb35a1167e6b0c785_0000_0002,54.473594665527344,56.28
c91c8a02d2d5f03eb35a1167e6b0c785_0000_0003,55.80998229980469,56.28
c92a1140cfa6358aa0b021ed087cdf7b_0000_0000,57.147674560546875,51.69
c92a1140cfa6358aa0b021ed087cdf7b_0000_0001,48.86027908325195,51.69
c92a1140cfa6358aa0b021ed087cdf7b_0000_0002,58.390037536621094,51.69
c92a1140cfa6358aa0b021ed087cdf7b_0000_0003,57.1047477722168,51.69
c92a1140cfa6358aa0b021ed087cdf7b_0000_0004,55.877437591552734,51.69
c92a1140cfa6358aa0b021ed087cdf7b_0000_0005,55.70376968383789,51.69
c92a1140cfa6358aa0b021ed087cdf7b_0001_0000,50.05391311645508,48.96
c92a1140cfa6358aa0b021ed087cdf7b_0002_0000,49.96004867553711,49.92
cb1d9d9ef7a6562d098c34ef41980a2d_0000_0000,57.077903747558594,58.44
cb1d9d9ef7a6562d098c34ef41980a2d_0000_0001,56.63192367553711,58.44
cceda647d6f47ba47d7a48f8803abe17_0000_0000,53.97849655151367,55.16
cceda647d6f47ba47d7a48f8803abe17_0000_0001,54.61284255981445,55.16
cceda647d6f47ba47d7a48f8803abe17_0000_0002,50.98419189453125,55.16
cceda647d6f47ba47d7a48f8803abe17_0000_0003,48.17640686035156,55.16
cceda647d6f47ba47d7a48f8803abe17_0000_0004,50.36896896362305,55.16
cceda647d6f47ba47d7a48f8803abe17_0000_0005,47.63991165161133,55.16
cd06abd3405a003c6c42d17f74ad07d4_0000_0000,36.32658386230469,36.16
cd06abd3405a003c6c42d17f74ad07d4_0000_0001,38.09819030761719,36.16
cd06abd3405a003c6c42d17f74ad07d4_0000_0002,33.74279022216797,36.16
cd06abd3405a003c6c42d17f74ad07d4_0000_0003,33.81987762451172,36.16
cd06abd3405a003c6c42d17f74ad07d4_0000_0004,34.403221130371094,36.16
cd625d610682e1d4aee7545dbcc2b28d_0000_0000,61.834999084472656,67.28
cd625d610682e1d4aee7545dbcc2b28d_0000_0001,62.39884567260742,67.28
ce71a5037f9d65357af89bf2177fce12_0000_0000,49.60806655883789,57.06
ce71a5037f9d65357af89bf2177fce12_0000_0001,51.51090621948242,57.06
ce71a5037f9d65357af89bf2177fce12_0000_0002,54.27309799194336,57.06
ce71a5037f9d65357af89bf2177fce12_0000_0003,49.735931396484375,57.06
ce71a5037f9d65357af89bf2177fce12_0000_0004,53.899654388427734,57.06
cf64adbeff767cd4102da74b0970ebb8_0000_0000,50.42851638793945,42.9
cf64adbeff767cd4102da74b0970ebb8_0000_0001,40.43666076660156,42.9
cfc36b01ded1a3271f3cfc4b8c9ffe66_0000_0000,61.71942138671875,58.8
cfc36b01ded1a3271f3cfc4b8c9ffe66_0000_0001,60.895511627197266,58.8
cfc36b01ded1a3271f3cfc4b8c9ffe66_0000_0002,62.186668395996094,58.8
d126c800552c7092061e4e7d784ff3ab_0000_0000,53.120418548583984,57.33
d1b3c6ca40125611e2b5b663ee5dd64b_0000_0000,52.41657638549805,57.62
d1b3c6ca40125611e2b5b663ee5dd64b_0000_0001,56.82544708251953,57.62
d230dd8f00ae408f5f20db33d46cf271_0000_0000,56.48688507080078,61.38
d4c2c03a4bb6e55701d98a284716a64c_0000_0000,55.42461013793945,55.14
d4c2c03a4bb6e55701d98a284716a64c_0000_0001,55.897064208984375,55.14
d4c2c03a4bb6e55701d98a284716a64c_0000_0002,56.228214263916016,55.14
d4c2c03a4bb6e55701d98a284716a64c_0000_0003,57.05931854248047,55.14
d51816f64e7359771384e831a53d997c_0000_0000,55.24104690551758,54.59
d51816f64e7359771384e831a53d997c_0000_0001,54.50704574584961,54.59
d51816f64e7359771384e831a53d997c_0000_0002,56.27922439575195,54.59
d51816f64e7359771384e831a53d997c_0000_0003,55.3294677734375,54.59
d51816f64e7359771384e831a53d997c_0000_0004,53.85348892211914,54.59
d51816f64e7359771384e831a53d997c_0000_0005,53.7275505065918,54.59
d51816f64e7359771384e831a53d997c_0000_0006,55.70900344848633,54.59
d51816f64e7359771384e831a53d997c_0000_0007,49.38975524902344,54.59
d51816f64e7359771384e831a53d997c_0000_0008,52.89429473876953,54.59
d830e8f27041434ff2ad34b3ecf61a9a_0000_0000,59.87245178222656,58.51
d830e8f27041434ff2ad34b3ecf61a9a_0000_0001,59.646392822265625,58.51
d830e8f27041434ff2ad34b3ecf61a9a_0000_0002,56.897666931152344,58.51
d830e8f27041434ff2ad34b3ecf61a9a_0000_0003,59.193511962890625,58.51
d8eeabff1408a6716dae8d519146be1a_0000_0000,60.889625549316406,55.39
d8eeabff1408a6716dae8d519146be1a_0000_0001,56.310081481933594,55.39
d8eeabff1408a6716dae8d519146be1a_0000_0002,56.445556640625,55.39
d8eeabff1408a6716dae8d519146be1a_0000_0003,56.16443634033203,55.39
d8eeabff1408a6716dae8d519146be1a_0000_0004,57.8386116027832,55.39
d8eeabff1408a6716dae8d519146be1a_0000_0005,58.95775604248047,55.39
db155127099ff8850eedcb872d609a8b_0000_0000,49.10224914550781,48.54
db155127099ff8850eedcb872d609a8b_0000_0001,51.046485900878906,48.54
db155127099ff8850eedcb872d609a8b_0000_0002,48.87853240966797,48.54
db155127099ff8850eedcb872d609a8b_0000_0003,47.22735595703125,48.54
db155127099ff8850eedcb872d609a8b_0000_0004,48.70361328125,48.54
db155127099ff8850eedcb872d609a8b_0000_0005,47.536033630371094,48.54
ddd807a12be8d28cdecd03a6b9413af0_0000_0000,68.05398559570312,70.2
ddd807a12be8d28cdecd03a6b9413af0_0000_0001,63.52766799926758,70.2
ddd807a12be8d28cdecd03a6b9413af0_0000_0002,60.15574645996094,70.2
ddd807a12be8d28cdecd03a6b9413af0_0000_0003,64.02411651611328,70.2
ddf5ef5e87f820130c923a15152053db_0000_0000,49.187355041503906,49.69
ddf5ef5e87f820130c923a15152053db_0000_0001,48.28523635864258,49.69
ddf5ef5e87f820130c923a15152053db_0000_0002,44.44329071044922,49.69
ddf5ef5e87f820130c923a15152053db_0000_0003,47.508846282958984,49.69
ddf5ef5e87f820130c923a15152053db_0000_0004,50.257720947265625,49.69
ddf5ef5e87f820130c923a15152053db_0000_0005,45.905338287353516,49.69
dff06b65e06c3400a44204fa9abe98d1_0000_0000,60.97257995605469,61.23
e0d9be84ea08ba804103d194a7026318_0000_0000,61.156925201416016,61.96
e0d9be84ea08ba804103d194a7026318_0000_0001,59.160240173339844,61.96
e0d9be84ea08ba804103d194a7026318_0000_0002,58.6087532043457,61.96
e0d9be84ea08ba804103d194a7026318_0000_0003,60.49064636230469,61.96
e1bf5d9184d344ed21fef0a730111ded_0000_0000,60.459835052490234,53.89
e1bf5d9184d344ed21fef0a730111ded_0000_0001,61.86711883544922,53.89
e1bf5d9184d344ed21fef0a730111ded_0000_0002,58.77000045776367,53.89
e1bf5d9184d344ed21fef0a730111ded_0000_0003,61.541229248046875,53.89
e2964db58d2176eb16f36f5c99f635e1_0000_0000,53.59080123901367,51.94
e2abd8245cf94ec87a382e3dabcffe0d_0000_0000,54.840126037597656,51.13
e2abd8245cf94ec87a382e3dabcffe0d_0000_0001,56.18157196044922,51.13
e2abd8245cf94ec87a382e3dabcffe0d_0000_0002,50.9261474609375,51.13
e2abd8245cf94ec87a382e3dabcffe0d_0000_0003,55.310150146484375,51.13
e607f667c62ab2abc631fca62d6ea10d_0000_0000,38.33544921875,48.3
e6240561b22554a39f054088353b593a_0000_0000,45.856231689453125,47.44
e6240561b22554a39f054088353b593a_0000_0001,50.021942138671875,47.44
e733ada7d9296cdceacc7b207cc4634f_0000_0000,57.20899963378906,56.91
e733ada7d9296cdceacc7b207cc4634f_0000_0001,60.32532501220703,56.91
e733ada7d9296cdceacc7b207cc4634f_0000_0002,59.20042037963867,56.91
e733ada7d9296cdceacc7b207cc4634f_0000_0003,59.846923828125,56.91
e95bc22e30b4623e7186ac3dc4b9300d_0000_0000,55.46788787841797,52.67
e95bc22e30b4623e7186ac3dc4b9300d_0000_0001,53.05364990234375,52.67
e95bc22e30b4623e7186ac3dc4b9300d_0000_0002,58.56600570678711,52.67
e95bc22e30b4623e7186ac3dc4b9300d_0000_0003,57.094383239746094,52.67
e95bc22e30b4623e7186ac3dc4b9300d_0000_0004,54.912139892578125,52.67
e9fd29d3f4459a04e1dd3ff4b42a74e0_0000_0000,49.943138122558594,51.37
eb02529c5814d5f078001adb65ba8957_0000_0000,62.47991943359375,58.65
eb02529c5814d5f078001adb65ba8957_0000_0001,60.27919387817383,58.65
eb02529c5814d5f078001adb65ba8957_0000_0002,57.47330856323242,58.65
eb02529c5814d5f078001adb65ba8957_0000_0003,60.61756134033203,58.65
eb22b8fd96a3900601e3f3999be07008_0000_0000,35.82090759277344,39.59
eb22b8fd96a3900601e3f3999be07008_0000_0001,37.411094665527344,39.59
eb22b8fd96a3900601e3f3999be07008_0000_0002,33.19865417480469,39.59
eb22b8fd96a3900601e3f3999be07008_0000_0003,34.03929901123047,39.59
eb22b8fd96a3900601e3f3999be07008_0000_0004,36.30994415283203,39.59
ee2174de5cc65de4284d3c06a5758950_0000_0000,59.6053352355957,62.65
ee2174de5cc65de4284d3c06a5758950_0000_0001,55.437564849853516,62.65
ee2174de5cc65de4284d3c06a5758950_0000_0002,54.52932357788086,62.65
ee5884ba21391bdf5fab6cc138b28d2c_0000_0000,44.7540283203125,46.82
ee5884ba21391bdf5fab6cc138b28d2c_0000_0001,48.02637481689453,46.82
ee5884ba21391bdf5fab6cc138b28d2c_0000_0002,44.25917053222656,46.82
ee5884ba21391bdf5fab6cc138b28d2c_0000_0003,48.776084899902344,46.82
ee5884ba21391bdf5fab6cc138b28d2c_0000_0004,44.38066482543945,46.82
efef92c0ca973219a04113e766f711c7_0000_0000,57.23354721069336,62.51
efef92c0ca973219a04113e766f711c7_0000_0001,58.705406188964844,62.51
efef92c0ca973219a04113e766f711c7_0000_0002,57.23088073730469,62.51
efef92c0ca973219a04113e766f711c7_0000_0003,60.83979415893555,62.51
eff0b45ba8013c9e0b9e288f9d6e9efa_0000_0000,59.91157150268555,60.91
eff0b45ba8013c9e0b9e288f9d6e9efa_0000_0001,58.09699249267578,60.91
eff0b45ba8013c9e0b9e288f9d6e9efa_0000_0002,58.680030822753906,60.91
eff0b45ba8013c9e0b9e288f9d6e9efa_0000_0003,55.98869705200195,60.91
eff0b45ba8013c9e0b9e288f9d6e9efa_0000_0004,58.09626388549805,60.91
f215c90f38ba2290b1e0f1657cd77cb8_0000_0000,44.83146667480469,38.73
f215c90f38ba2290b1e0f1657cd77cb8_0000_0001,40.78591537475586,38.73
f38ec2dfa16fbfb4e5708927932aa659_0000_0000,49.27010726928711,47.79
f38ec2dfa16fbfb4e5708927932aa659_0000_0001,54.215572357177734,47.79
f38ec2dfa16fbfb4e5708927932aa659_0000_0002,52.66480255126953,47.79
f38ec2dfa16fbfb4e5708927932aa659_0000_0003,52.11990737915039,47.79
f38ec2dfa16fbfb4e5708927932aa659_0000_0004,52.48874282836914,47.79
f38ec2dfa16fbfb4e5708927932aa659_0000_0005,48.7459716796875,47.79
f446408d0c8eaf46dbf9f2246b7946aa_0000_0000,47.64021301269531,47.12
f446408d0c8eaf46dbf9f2246b7946aa_0000_0001,50.32341766357422,47.12
f446408d0c8eaf46dbf9f2246b7946aa_0000_0002,54.790287017822266,47.12
f446408d0c8eaf46dbf9f2246b7946aa_0000_0003,50.81261444091797,47.12
f446408d0c8eaf46dbf9f2246b7946aa_0000_0004,45.21615219116211,47.12
f57762b98168393cd925555bb87e4740_0000_0000,31.579483032226562,24.78
f57762b98168393cd925555bb87e4740_0000_0001,30.041492462158203,24.78
f57762b98168393cd925555bb87e4740_0000_0002,34.15060043334961,24.78
f57762b98168393cd925555bb87e4740_0000_0003,35.43737030029297,24.78
f5dd1babc2a03896b6e1d742e32f769e_0000_0000,37.322601318359375,50.92
f5dd1babc2a03896b6e1d742e32f769e_0000_0001,41.40337371826172,50.92
f5dd1babc2a03896b6e1d742e32f769e_0000_0002,37.30341339111328,50.92
fb8811cbcdb569c8be3e06120238f7f4_0000_0000,54.125484466552734,52.24
fb8811cbcdb569c8be3e06120238f7f4_0000_0001,55.86805725097656,52.24
fb8811cbcdb569c8be3e06120238f7f4_0000_0002,54.83631896972656,52.24
fb8811cbcdb569c8be3e06120238f7f4_0000_0003,55.05978012084961,52.24
fb8811cbcdb569c8be3e06120238f7f4_0000_0004,53.787269592285156,52.24
fb8811cbcdb569c8be3e06120238f7f4_0000_0005,53.22431182861328,52.24
fb8811cbcdb569c8be3e06120238f7f4_0001_0000,47.50062942504883,51.74
fb8811cbcdb569c8be3e06120238f7f4_0002_0000,44.83111572265625,52.88
fba4ffc2b2c0cc1e5070ac8ebe37de42_0000_0000,47.67337417602539,48.08
fba4ffc2b2c0cc1e5070ac8ebe37de42_0000_0001,46.6309814453125,48.08
ff9f9c9cd85ea8e2f4b4b305b8c205e3_0000_0000,56.7589111328125,52.75
ff9f9c9cd85ea8e2f4b4b305b8c205e3_0000_0001,55.82931900024414,52.75
ff9f9c9cd85ea8e2f4b4b305b8c205e3_0000_0002,54.99583053588867,52.75
ff9f9c9cd85ea8e2f4b4b305b8c205e3_0000_0003,56.15559005737305,52.75
ff9f9c9cd85ea8e2f4b4b305b8c205e3_0001_0000,53.6692008972168,50.26
